{
  "description": {
    "title": "Maria Biquineira",
    "text": "Maria Biquineira é um pequeno atelier charmoso de produção própria de biquínis. Cada peça é pensada com muito carinho e dedicação!"
  },
  "links_1": {
    "list_pages": false,
    "title": "Páginas",
    "list": [
      {
        "url": "/pages/contato",
        "text": "Contato"
      },
      {
        "text": "Atendimento",
        "url": "/pages/atendimento"
      },
      {
        "text": "Condições de Entrega",
        "url": "/pages/entrega"
      },
      {
        "text": "Dicas de Conservação",
        "url": "/pages/faq"
      },
      {
        "url": "/pages/pagamentos",
        "text": "Formas de Pagamento"
      },
      {
        "url": "/pages/privacidade",
        "text": "Política de privacidade"
      },
      {
        "url": "/pages/sobre-nos",
        "text": "Quem é Maria Biquineira?"
      },
      {
        "text": "Trocas e devoluções",
        "url": "/pages/trocas"
      }
    ]
  },
  "links_2": {
    "list_categories": false,
    "title": "Categorias",
    "list": [
      {
        "text": "biquíni",
        "url": "/biquini/"
      },
      {
        "url": "/salle-off/",
        "text": "salle off"
      },
      {
        "url": "/novidades/",
        "text": "novidades"
      },
      {
        "url": "/maio/",
        "text": "maiô"
      }
    ]
  },
  "contacts": {
    "title": "Contatos",
    "phone_wpp": true,
    "socials": true,
    "email": true,
    "address": true
  },
  "stamps": [
    {
      "src": "/img/uploads/ssl-safe.png",
      "alt": "Secure connection"
    }
  ],
  "payment_methods": {
    "bb": true,
    "visa": true,
    "boleto": true,
    "aura": false,
    "banrisul": false,
    "elo": true,
    "hipercard": false,
    "hsbc": false,
    "bradesco": true,
    "santander": false,
    "mastercard": true,
    "citibank": false,
    "mais": false,
    "itau": true
  },
  "credits": ""
}