{
  "meta_title": "",
  "meta_description": "",
  "sections": [
    {
      "type": "banner-slider",
      "autoplay": 9000,
      "full_width": false,
      "slides": [
        {
          "img": "/img/uploads/banner-maria-biquineira-png.png",
          "link": "/headset",
          "alt": "Headset banner",
          "start": "",
          "end": "",
          "mobile_img": ""
        }
      ]
    },
    {
      "type": "responsive-banner",
      "img": "/img/uploads/banner-centro.png"
    },
    {
      "type": "dynamic-showcase",
      "load_more": true
    }
  ]
}